node,firmware_signal,esp32_gpio
patient,PIN_SDA,GPIO8
patient,PIN_SCL,GPIO9
patient,PIN_BUZZER,GPIO0
patient,PIN_FAN_IN1,GPIO1
patient,PIN_FAN_IN2,GPIO2
patient,PIN_UART_RX,GPIO20
patient,PIN_UART_TX,GPIO21
patient,PIN_SERVO,GPIO6
patient,PIN_PIR,GPIO5
living,PIN_SDA,GPIO8
living,PIN_SCL,GPIO9
living,PIN_PIR,GPIO10
living,PIN_LIGHT_RELAY,GPIO7
living,PIN_FAN_IN1,GPIO1
living,PIN_FAN_IN2,GPIO2
kitchen,PIN_MQ2_AO,GPIO0
kitchen,PIN_MQ2_DO,GPIO1
kitchen,PIN_FLAME_DO,GPIO2
kitchen,PIN_WINDOW_SERVO,GPIO4
kitchen,PIN_LIGHT_RELAY,GPIO20
kitchen,PIN_BUZZER,GPIO5
kitchen,PIN_EXHAUST_IN1,GPIO7
kitchen,PIN_EXHAUST_IN2,GPIO8
